{"cameraMode":{"drawMode":0,"name":"Shaded","section":"Shading Mode"},"sceneLighting":true,"audioPlay":false,"sceneViewState":{"m_AlwaysRefresh":false,"showFog":true,"showSkybox":true,"showFlares":true,"showImageEffects":true,"showParticleSystems":true,"showVisualEffectGraphs":true,"m_FxEnabled":true},"in2DMode":false,"pivot":{"x":-0.8096888661384583,"y":0.9997423887252808,"z":-0.9701487421989441},"rotation":{"x":0.03419675678014755,"y":0.9645037651062012,"z":-0.2089187651872635,"w":0.15793383121490479},"size":12.12435531616211,"orthographic":false}